<?xml version="1.0" encoding="UTF-8"?>
<beans
	xmlns:context="http://www.springframework.org/schema/context"
	xmlns:p="http://www.springframework.org/schema/p"
	xmlns:xsi="http://www.w3.org/2001/XMLSchema-instance"
	xmlns="http://www.springframework.org/schema/beans"
	xmlns:mvc="http://www.springframework.org/schema/mvc"
	xmlns:websocket="http://www.springframework.org/schema/websocket"
	xsi:schemaLocation="http://www.springframework.org/schema/websocket http://www.springframework.org/schema/websocket/spring-websocket-4.3.xsd
		http://www.springframework.org/schema/mvc http://www.springframework.org/schema/mvc/spring-mvc.xsd
		http://www.springframework.org/schema/beans http://www.springframework.org/schema/beans/spring-beans-3.0.xsd
		http://www.springframework.org/schema/context http://www.springframework.org/schema/context/spring-context-3.0.xsd">

	<context:component-scan base-package="com"
		use-default-filters="false">
		<context:include-filter type="annotation"
			expression="org.springframework.stereotype.Controller" />
	</context:component-scan>
	<!--자바스크립트 css location -->
	<mvc:resources mapping="/resources/**"
		location="/WEB-INF/resources/" />
	<mvc:resources mapping="/images/**" location="/images/" />
	<mvc:default-servlet-handler />
	<mvc:annotation-driven>
		<mvc:argument-resolvers>
			<bean class="com.oasis.resolver.CustomMapArgumentResolver"></bean>
		</mvc:argument-resolvers>
	</mvc:annotation-driven>

	<!-- <mvc:interceptors> <mvc:interceptor> <mvc:mapping path="/**"/> <bean 
		id="loggerInterceptor" class="first.common.logger.LoggerInterceptor"></bean> 
		</mvc:interceptor> </mvc:interceptors> -->

	<bean id="jsonView"
		class="org.springframework.web.servlet.view.json.MappingJackson2JsonView" />

	<bean
		class="org.springframework.web.servlet.view.BeanNameViewResolver"
		p:order="0" />

	<bean id="multipartResolver"
		class="org.springframework.web.multipart.commons.CommonsMultipartResolver"></bean>

	<!-- <bean id="jsonView" class="org.springframework.web.servlet.view.json.MappingJacksonJsonView" 
		/> 타일즈2 <bean class="org.springframework.web.servlet.view.UrlBasedViewResolver" 
		p:order="1"> <property name="viewClass" value="org.springframework.web.servlet.view.tiles2.TilesView"/> 
		</bean> -->
	<bean id="viewResolver"
		class="org.springframework.web.servlet.view.InternalResourceViewResolver"
		p:order="2">
		<property name="viewClass"
			value="org.springframework.web.servlet.view.JstlView" />
		<property name="prefix" value="/WEB-INF/views/" />
		<property name="suffix" value=".jsp" />
	</bean>
	<!-- 타일즈2 <bean id="tilesConfigurer" class="org.springframework.web.servlet.view.tiles2.TilesConfigurer"> 
		<property name="definitions"> <list> <value>/WEB-INF/views/tiles2/definition.xml</value> 
		</list> </property> </bean> -->

	<!-- <bean id="echoHandler" class="com.flee.chat.controller.EchoHandler" 
		/> -->

</beans>



